comment,src,dst
azurerm - 2.0 upgrade guide,/docs/providers/azurerm/guides/2.0-upgrade-guide.html,https://registry.terraform.io/providers/hashicorp/azurerm/latest/docs/guides/2.0-upgrade-guide
external - malformed,/docs/providers/external/data_source.html,https://registry.terraform.io/providers/hashicorp/external/latest/docs/data-sources/data_source
http - malformed,/docs/providers/http/data_source.html,https://registry.terraform.io/providers/hashicorp/http/latest/docs/data-sources/http
newrelic - v1 docs,/docs/providers/newrelic/d/v1/alert_channel.html,https://registry.terraform.io/providers/newrelic/newrelic/1.19.1/docs/data-sources/alert_channel
newrelic - v1 docs,/docs/providers/newrelic/d/v1/alert_policy.html,https://registry.terraform.io/providers/newrelic/newrelic/1.19.1/docs/data-sources/alert_policy
newrelic - v1 docs,/docs/providers/newrelic/d/v1/application.html,https://registry.terraform.io/providers/newrelic/newrelic/1.19.1/docs/data-sources/application
newrelic - v1 docs,/docs/providers/newrelic/d/v1/entity.html,https://registry.terraform.io/providers/newrelic/newrelic/1.19.1/docs/data-sources/entity
newrelic - v1 docs,/docs/providers/newrelic/d/v1/key_transaction.html,https://registry.terraform.io/providers/newrelic/newrelic/1.19.1/docs/data-sources/key_transaction
newrelic - v1 docs,/docs/providers/newrelic/d/v1/plugin_component.html,https://registry.terraform.io/providers/newrelic/newrelic/1.19.1/docs/data-sources/plugin_component
newrelic - v1 docs,/docs/providers/newrelic/d/v1/plugin.html,https://registry.terraform.io/providers/newrelic/newrelic/1.19.1/docs/data-sources/plugin
newrelic - v1 docs,/docs/providers/newrelic/d/v1/synthetics_monitor.html,https://registry.terraform.io/providers/newrelic/newrelic/1.19.1/docs/data-sources/synthetics_monitor
newrelic - v1 docs,/docs/providers/newrelic/d/v1/synthetics_secure_credential.html,https://registry.terraform.io/providers/newrelic/newrelic/1.19.1/docs/data-sources/synthetics_secure_credential
newrelic - v1 docs,/docs/providers/newrelic/r/v1/alert_channel.html,https://registry.terraform.io/providers/newrelic/newrelic/1.19.1/docs/resources/alert_channel
newrelic - v1 docs,/docs/providers/newrelic/r/v1/alert_condition.html,https://registry.terraform.io/providers/newrelic/newrelic/1.19.1/docs/resources/alert_condition
newrelic - v1 docs,/docs/providers/newrelic/r/v1/alert_policy_channel.html,https://registry.terraform.io/providers/newrelic/newrelic/1.19.1/docs/resources/alert_policy_channel
newrelic - v1 docs,/docs/providers/newrelic/r/v1/alert_policy.html,https://registry.terraform.io/providers/newrelic/newrelic/1.19.1/docs/resources/alert_policy
newrelic - v1 docs,/docs/providers/newrelic/r/v1/dashboard.html,https://registry.terraform.io/providers/newrelic/newrelic/1.19.1/docs/resources/dashboard
newrelic - v1 docs,/docs/providers/newrelic/r/v1/entity_tags.html,https://registry.terraform.io/providers/newrelic/newrelic/1.19.1/docs/resources/entity_tags
newrelic - v1 docs,/docs/providers/newrelic/r/v1/events_to_metrics_rule.html,https://registry.terraform.io/providers/newrelic/newrelic/1.19.1/docs/resources/events_to_metrics_rule
newrelic - v1 docs,/docs/providers/newrelic/r/v1/infra_alert_condition.html,https://registry.terraform.io/providers/newrelic/newrelic/1.19.1/docs/resources/infra_alert_condition
newrelic - v1 docs,/docs/providers/newrelic/r/v1/insights_event.html,https://registry.terraform.io/providers/newrelic/newrelic/1.19.1/docs/resources/insights_event
newrelic - v1 docs,/docs/providers/newrelic/r/v1/nrql_alert_condition.html,https://registry.terraform.io/providers/newrelic/newrelic/1.19.1/docs/resources/nrql_alert_condition
newrelic - v1 docs,/docs/providers/newrelic/r/v1/plugins_alert_condition.html,https://registry.terraform.io/providers/newrelic/newrelic/1.19.1/docs/resources/plugins_alert_condition
newrelic - v1 docs,/docs/providers/newrelic/r/v1/synthetics_alert_condition.html,https://registry.terraform.io/providers/newrelic/newrelic/1.19.1/docs/resources/synthetics_alert_condition
newrelic - v1 docs,/docs/providers/newrelic/r/v1/synthetics_label.html,https://registry.terraform.io/providers/newrelic/newrelic/1.19.1/docs/resources/synthetics_label
newrelic - v1 docs,/docs/providers/newrelic/r/v1/synthetics_monitor_script.html,https://registry.terraform.io/providers/newrelic/newrelic/1.19.1/docs/resources/synthetics_monitor_script
newrelic - v1 docs,/docs/providers/newrelic/r/v1/synthetics_monitor.html,https://registry.terraform.io/providers/newrelic/newrelic/1.19.1/docs/resources/synthetics_monitor
newrelic - v1 docs,/docs/providers/newrelic/r/v1/synthetics_secure_credential.html,https://registry.terraform.io/providers/newrelic/newrelic/1.19.1/docs/resources/synthetics_secure_credential
newrelic - v1 docs,/docs/providers/newrelic/r/v1/workload.html,https://registry.terraform.io/providers/newrelic/newrelic/1.19.1/docs/resources/workload
newrelic - v1 docs,/docs/providers/newrelic/v1/index.html,https://registry.terraform.io/providers/newrelic/newrelic/1.19.1/docs/
null - malformed,/docs/providers/null/data_source.html,https://registry.terraform.io/providers/hashicorp/null/latest/docs/data-sources/data_source
null - malformed,/docs/providers/null/resource.html,https://registry.terraform.io/providers/hashicorp/null/latest/docs/resources/resource
arukas - to github,/docs/providers/arukas/index.html,https://github.com/hashicorp/terraform-provider-arukas/blob/stable-website/website/docs/index.html.markdown
arukas - to github,/docs/providers/arukas/r/container.html,https://github.com/hashicorp/terraform-provider-arukas/blob/stable-website/website/docs/r/container.html.markdown
bitbucket - to github,/docs/providers/bitbucket/d/user.html,https://github.com/hashicorp/terraform-provider-bitbucket/blob/stable-website/website/docs/d/user.html.markdown
bitbucket - to github,/docs/providers/bitbucket/index.html,https://github.com/hashicorp/terraform-provider-bitbucket/blob/stable-website/website/docs/index.html.markdown
bitbucket - to github,/docs/providers/bitbucket/r/branch_restriction.html,https://github.com/hashicorp/terraform-provider-bitbucket/blob/stable-website/website/docs/r/branch_restriction.html.markdown
bitbucket - to github,/docs/providers/bitbucket/r/default_reviewers.html,https://github.com/hashicorp/terraform-provider-bitbucket/blob/stable-website/website/docs/r/default_reviewers.html.markdown
bitbucket - to github,/docs/providers/bitbucket/r/hook.html,https://github.com/hashicorp/terraform-provider-bitbucket/blob/stable-website/website/docs/r/hook.html.markdown
bitbucket - to github,/docs/providers/bitbucket/r/project.html,https://github.com/hashicorp/terraform-provider-bitbucket/blob/stable-website/website/docs/r/project.html.markdown
bitbucket - to github,/docs/providers/bitbucket/r/repository_variable.html,https://github.com/hashicorp/terraform-provider-bitbucket/blob/stable-website/website/docs/r/repository_variable.html.markdown
bitbucket - to github,/docs/providers/bitbucket/r/repository.html,https://github.com/hashicorp/terraform-provider-bitbucket/blob/stable-website/website/docs/r/repository.html.markdown
cherryservers - to github,/docs/providers/cherryservers/index.html,https://github.com/hashicorp/terraform-provider-cherryservers/blob/stable-website/website/docs/index.html.markdown
cherryservers - to github,/docs/providers/cherryservers/r/floating_ip.html,https://github.com/hashicorp/terraform-provider-cherryservers/blob/stable-website/website/docs/r/floating_ip.html.markdown
cherryservers - to github,/docs/providers/cherryservers/r/project.html,https://github.com/hashicorp/terraform-provider-cherryservers/blob/stable-website/website/docs/r/project.html.markdown
cherryservers - to github,/docs/providers/cherryservers/r/server.html,https://github.com/hashicorp/terraform-provider-cherryservers/blob/stable-website/website/docs/r/server.html.markdown
cherryservers - to github,/docs/providers/cherryservers/r/ssh.html,https://github.com/hashicorp/terraform-provider-cherryservers/blob/stable-website/website/docs/r/ssh.html.markdown
clc - to github,/docs/providers/clc/index.html,https://github.com/hashicorp/terraform-provider-clc/blob/stable-website/website/docs/index.html.markdown
clc - to github,/docs/providers/clc/r/group.html,https://github.com/hashicorp/terraform-provider-clc/blob/stable-website/website/docs/r/group.html.markdown
clc - to github,/docs/providers/clc/r/load_balancer_pool.html,https://github.com/hashicorp/terraform-provider-clc/blob/stable-website/website/docs/r/load_balancer_pool.html.markdown
clc - to github,/docs/providers/clc/r/load_balancer.html,https://github.com/hashicorp/terraform-provider-clc/blob/stable-website/website/docs/r/load_balancer.html.markdown
clc - to github,/docs/providers/clc/r/public_ip.html,https://github.com/hashicorp/terraform-provider-clc/blob/stable-website/website/docs/r/public_ip.html.markdown
clc - to github,/docs/providers/clc/r/server.html,https://github.com/hashicorp/terraform-provider-clc/blob/stable-website/website/docs/r/server.html.markdown
cloudstack - to github,/docs/providers/cloudstack/d/template.html,https://github.com/hashicorp/terraform-provider-cloudstack/blob/stable-website/website/docs/d/template.html.markdown
cloudstack - to github,/docs/providers/cloudstack/index.html,https://github.com/hashicorp/terraform-provider-cloudstack/blob/stable-website/website/docs/index.html.markdown
cloudstack - to github,/docs/providers/cloudstack/r/affinity_group.html,https://github.com/hashicorp/terraform-provider-cloudstack/blob/stable-website/website/docs/r/affinity_group.html.markdown
cloudstack - to github,/docs/providers/cloudstack/r/disk.html,https://github.com/hashicorp/terraform-provider-cloudstack/blob/stable-website/website/docs/r/disk.html.markdown
cloudstack - to github,/docs/providers/cloudstack/r/egress_firewall.html,https://github.com/hashicorp/terraform-provider-cloudstack/blob/stable-website/website/docs/r/egress_firewall.html.markdown
cloudstack - to github,/docs/providers/cloudstack/r/firewall.html,https://github.com/hashicorp/terraform-provider-cloudstack/blob/stable-website/website/docs/r/firewall.html.markdown
cloudstack - to github,/docs/providers/cloudstack/r/instance.html,https://github.com/hashicorp/terraform-provider-cloudstack/blob/stable-website/website/docs/r/instance.html.markdown
cloudstack - to github,/docs/providers/cloudstack/r/ipaddress.html,https://github.com/hashicorp/terraform-provider-cloudstack/blob/stable-website/website/docs/r/ipaddress.html.markdown
cloudstack - to github,/docs/providers/cloudstack/r/loadbalancer_rule.html,https://github.com/hashicorp/terraform-provider-cloudstack/blob/stable-website/website/docs/r/loadbalancer_rule.html.markdown
cloudstack - to github,/docs/providers/cloudstack/r/network_acl_rule.html,https://github.com/hashicorp/terraform-provider-cloudstack/blob/stable-website/website/docs/r/network_acl_rule.html.markdown
cloudstack - to github,/docs/providers/cloudstack/r/network_acl.html,https://github.com/hashicorp/terraform-provider-cloudstack/blob/stable-website/website/docs/r/network_acl.html.markdown
cloudstack - to github,/docs/providers/cloudstack/r/network.html,https://github.com/hashicorp/terraform-provider-cloudstack/blob/stable-website/website/docs/r/network.html.markdown
cloudstack - to github,/docs/providers/cloudstack/r/nic.html,https://github.com/hashicorp/terraform-provider-cloudstack/blob/stable-website/website/docs/r/nic.html.markdown
cloudstack - to github,/docs/providers/cloudstack/r/port_forward.html,https://github.com/hashicorp/terraform-provider-cloudstack/blob/stable-website/website/docs/r/port_forward.html.markdown
cloudstack - to github,/docs/providers/cloudstack/r/private_gateway.html,https://github.com/hashicorp/terraform-provider-cloudstack/blob/stable-website/website/docs/r/private_gateway.html.markdown
cloudstack - to github,/docs/providers/cloudstack/r/secondary_ipaddress.html,https://github.com/hashicorp/terraform-provider-cloudstack/blob/stable-website/website/docs/r/secondary_ipaddress.html.markdown
cloudstack - to github,/docs/providers/cloudstack/r/security_group_rule.html,https://github.com/hashicorp/terraform-provider-cloudstack/blob/stable-website/website/docs/r/security_group_rule.html.markdown
cloudstack - to github,/docs/providers/cloudstack/r/security_group.html,https://github.com/hashicorp/terraform-provider-cloudstack/blob/stable-website/website/docs/r/security_group.html.markdown
cloudstack - to github,/docs/providers/cloudstack/r/ssh_keypair.html,https://github.com/hashicorp/terraform-provider-cloudstack/blob/stable-website/website/docs/r/ssh_keypair.html.markdown
cloudstack - to github,/docs/providers/cloudstack/r/static_nat.html,https://github.com/hashicorp/terraform-provider-cloudstack/blob/stable-website/website/docs/r/static_nat.html.markdown
cloudstack - to github,/docs/providers/cloudstack/r/static_route.html,https://github.com/hashicorp/terraform-provider-cloudstack/blob/stable-website/website/docs/r/static_route.html.markdown
cloudstack - to github,/docs/providers/cloudstack/r/template.html,https://github.com/hashicorp/terraform-provider-cloudstack/blob/stable-website/website/docs/r/template.html.markdown
cloudstack - to github,/docs/providers/cloudstack/r/vpc.html,https://github.com/hashicorp/terraform-provider-cloudstack/blob/stable-website/website/docs/r/vpc.html.markdown
cloudstack - to github,/docs/providers/cloudstack/r/vpn_connection.html,https://github.com/hashicorp/terraform-provider-cloudstack/blob/stable-website/website/docs/r/vpn_connection.html.markdown
cloudstack - to github,/docs/providers/cloudstack/r/vpn_customer_gateway.html,https://github.com/hashicorp/terraform-provider-cloudstack/blob/stable-website/website/docs/r/vpn_customer_gateway.html.markdown
cloudstack - to github,/docs/providers/cloudstack/r/vpn_gateway.html,https://github.com/hashicorp/terraform-provider-cloudstack/blob/stable-website/website/docs/r/vpn_gateway.html.markdown
cohesity - to github,/docs/providers/cohesity/index.html,https://github.com/hashicorp/terraform-provider-cohesity/blob/stable-website/website/docs/index.html.markdown
cohesity - to github,/docs/providers/cohesity/r/cohesity_cloud_edition_cluster.html,https://github.com/hashicorp/terraform-provider-cohesity/blob/stable-website/website/docs/r/cohesity_cloud_edition_cluster.html.markdown
cohesity - to github,/docs/providers/cohesity/r/cohesity_job_run.html,https://github.com/hashicorp/terraform-provider-cohesity/blob/stable-website/website/docs/r/cohesity_job_run.html.markdown
cohesity - to github,/docs/providers/cohesity/r/cohesity_job_vmware.html,https://github.com/hashicorp/terraform-provider-cohesity/blob/stable-website/website/docs/r/cohesity_job_vmware.html.markdown
cohesity - to github,/docs/providers/cohesity/r/cohesity_physical_edition_cluster.html,https://github.com/hashicorp/terraform-provider-cohesity/blob/stable-website/website/docs/r/cohesity_physical_edition_cluster.html.markdown
cohesity - to github,/docs/providers/cohesity/r/cohesity_restore_vmware_vm.html,https://github.com/hashicorp/terraform-provider-cohesity/blob/stable-website/website/docs/r/cohesity_restore_vmware_vm.html.markdown
cohesity - to github,/docs/providers/cohesity/r/cohesity_source_vmware.html,https://github.com/hashicorp/terraform-provider-cohesity/blob/stable-website/website/docs/r/cohesity_source_vmware.html.markdown
cohesity - to github,/docs/providers/cohesity/r/cohesity_virtual_edition_cluster.html,https://github.com/hashicorp/terraform-provider-cohesity/blob/stable-website/website/docs/r/cohesity_virtual_edition_cluster.html.markdown
dyn - to github,/docs/providers/dyn/index.html,https://github.com/hashicorp/terraform-provider-dyn/blob/stable-website/website/docs/index.html.markdown
dyn - to github,/docs/providers/dyn/r/record.html,https://github.com/hashicorp/terraform-provider-dyn/blob/stable-website/website/docs/r/record.html.markdown
hedvig - to github,/docs/providers/hedvig/index.html,https://github.com/hashicorp/terraform-provider-hedvig/blob/stable-website/website/docs/index.html.markdown
hedvig - to github,/docs/providers/hedvig/r/access.html,https://github.com/hashicorp/terraform-provider-hedvig/blob/stable-website/website/docs/r/access.html.markdown
hedvig - to github,/docs/providers/hedvig/r/lun.html,https://github.com/hashicorp/terraform-provider-hedvig/blob/stable-website/website/docs/r/lun.html.markdown
hedvig - to github,/docs/providers/hedvig/r/mount.html,https://github.com/hashicorp/terraform-provider-hedvig/blob/stable-website/website/docs/r/mount.html.markdown
hedvig - to github,/docs/providers/hedvig/r/vdisk.html,https://github.com/hashicorp/terraform-provider-hedvig/blob/stable-website/website/docs/r/vdisk.html.markdown
jdcloud - to github,/docs/providers/jdcloud/index.html,https://github.com/hashicorp/terraform-provider-jdcloud/blob/stable-website/website/docs/index.html.markdown
jdcloud - to github,/docs/providers/jdcloud/jdcloud_availability_group.html,https://github.com/hashicorp/terraform-provider-jdcloud/blob/stable-website/website/docs/jdcloud_availability_group.html.markdown
jdcloud - to github,/docs/providers/jdcloud/jdcloud_disk_attachment.html,https://github.com/hashicorp/terraform-provider-jdcloud/blob/stable-website/website/docs/jdcloud_disk_attachment.html.markdown
jdcloud - to github,/docs/providers/jdcloud/jdcloud_disk.html,https://github.com/hashicorp/terraform-provider-jdcloud/blob/stable-website/website/docs/jdcloud_disk.html.markdown
jdcloud - to github,/docs/providers/jdcloud/jdcloud_eip_association.html,https://github.com/hashicorp/terraform-provider-jdcloud/blob/stable-website/website/docs/jdcloud_eip_association.html.markdown
jdcloud - to github,/docs/providers/jdcloud/jdcloud_eip.html,https://github.com/hashicorp/terraform-provider-jdcloud/blob/stable-website/website/docs/jdcloud_eip.html.markdown
jdcloud - to github,/docs/providers/jdcloud/jdcloud_instance_ag_instance.html,https://github.com/hashicorp/terraform-provider-jdcloud/blob/stable-website/website/docs/jdcloud_instance_ag_instance.html.markdown
jdcloud - to github,/docs/providers/jdcloud/jdcloud_instance_template.html,https://github.com/hashicorp/terraform-provider-jdcloud/blob/stable-website/website/docs/jdcloud_instance_template.html.markdown
jdcloud - to github,/docs/providers/jdcloud/jdcloud_instance.html,https://github.com/hashicorp/terraform-provider-jdcloud/blob/stable-website/website/docs/jdcloud_instance.html.markdown
jdcloud - to github,/docs/providers/jdcloud/jdcloud_key_pairs.html,https://github.com/hashicorp/terraform-provider-jdcloud/blob/stable-website/website/docs/jdcloud_key_pairs.html.markdown
jdcloud - to github,/docs/providers/jdcloud/jdcloud_network_acl.html,https://github.com/hashicorp/terraform-provider-jdcloud/blob/stable-website/website/docs/jdcloud_network_acl.html.markdown
jdcloud - to github,/docs/providers/jdcloud/jdcloud_network_interface_attachment.html,https://github.com/hashicorp/terraform-provider-jdcloud/blob/stable-website/website/docs/jdcloud_network_interface_attachment.html.markdown
jdcloud - to github,/docs/providers/jdcloud/jdcloud_network_interface.html,https://github.com/hashicorp/terraform-provider-jdcloud/blob/stable-website/website/docs/jdcloud_network_interface.html.markdown
jdcloud - to github,/docs/providers/jdcloud/jdcloud_network_security_group_rules.html,https://github.com/hashicorp/terraform-provider-jdcloud/blob/stable-website/website/docs/jdcloud_network_security_group_rules.html.markdown
jdcloud - to github,/docs/providers/jdcloud/jdcloud_network_security_group.html,https://github.com/hashicorp/terraform-provider-jdcloud/blob/stable-website/website/docs/jdcloud_network_security_group.html.markdown
jdcloud - to github,/docs/providers/jdcloud/jdcloud_oss_bucket_upload.html,https://github.com/hashicorp/terraform-provider-jdcloud/blob/stable-website/website/docs/jdcloud_oss_bucket_upload.html.markdown
jdcloud - to github,/docs/providers/jdcloud/jdcloud_oss_bucket.html,https://github.com/hashicorp/terraform-provider-jdcloud/blob/stable-website/website/docs/jdcloud_oss_bucket.html.markdown
jdcloud - to github,/docs/providers/jdcloud/jdcloud_rds_account.html,https://github.com/hashicorp/terraform-provider-jdcloud/blob/stable-website/website/docs/jdcloud_rds_account.html.markdown
jdcloud - to github,/docs/providers/jdcloud/jdcloud_rds_database.html,https://github.com/hashicorp/terraform-provider-jdcloud/blob/stable-website/website/docs/jdcloud_rds_database.html.markdown
jdcloud - to github,/docs/providers/jdcloud/jdcloud_rds_instance.html,https://github.com/hashicorp/terraform-provider-jdcloud/blob/stable-website/website/docs/jdcloud_rds_instance.html.markdown
jdcloud - to github,/docs/providers/jdcloud/jdcloud_rds_privilege.html,https://github.com/hashicorp/terraform-provider-jdcloud/blob/stable-website/website/docs/jdcloud_rds_privilege.html.markdown
jdcloud - to github,/docs/providers/jdcloud/jdcloud_route_table_rules.html,https://github.com/hashicorp/terraform-provider-jdcloud/blob/stable-website/website/docs/jdcloud_route_table_rules.html.markdown
jdcloud - to github,/docs/providers/jdcloud/jdcloud_route_table.html,https://github.com/hashicorp/terraform-provider-jdcloud/blob/stable-website/website/docs/jdcloud_route_table.html.markdown
jdcloud - to github,/docs/providers/jdcloud/jdcloud_subnet.html,https://github.com/hashicorp/terraform-provider-jdcloud/blob/stable-website/website/docs/jdcloud_subnet.html.markdown
jdcloud - to github,/docs/providers/jdcloud/jdcloud_vpc.html,https://github.com/hashicorp/terraform-provider-jdcloud/blob/stable-website/website/docs/jdcloud_vpc.html.markdown
librato - to github,/docs/providers/librato/index.html,https://github.com/hashicorp/terraform-provider-librato/blob/stable-website/website/docs/index.html.markdown
librato - to github,/docs/providers/librato/r/alert.html,https://github.com/hashicorp/terraform-provider-librato/blob/stable-website/website/docs/r/alert.html.markdown
librato - to github,/docs/providers/librato/r/metric.html,https://github.com/hashicorp/terraform-provider-librato/blob/stable-website/website/docs/r/metric.html.markdown
librato - to github,/docs/providers/librato/r/service.html,https://github.com/hashicorp/terraform-provider-librato/blob/stable-website/website/docs/r/service.html.markdown
librato - to github,/docs/providers/librato/r/space_chart.html,https://github.com/hashicorp/terraform-provider-librato/blob/stable-website/website/docs/r/space_chart.html.markdown
librato - to github,/docs/providers/librato/r/space.html,https://github.com/hashicorp/terraform-provider-librato/blob/stable-website/website/docs/r/space.html.markdown
logentries - to github,/docs/providers/logentries/d/logentries_logset.html,https://github.com/hashicorp/terraform-provider-logentries/blob/stable-website/website/docs/d/logentries_logset.html.markdown
logentries - to github,/docs/providers/logentries/index.html,https://github.com/hashicorp/terraform-provider-logentries/blob/stable-website/website/docs/index.html.markdown
logentries - to github,/docs/providers/logentries/r/log.html,https://github.com/hashicorp/terraform-provider-logentries/blob/stable-website/website/docs/r/log.html.markdown
logentries - to github,/docs/providers/logentries/r/logset.html,https://github.com/hashicorp/terraform-provider-logentries/blob/stable-website/website/docs/r/logset.html.markdown
netlify - to github,/docs/providers/netlify/index.html,https://github.com/hashicorp/terraform-provider-netlify/blob/stable-website/website/docs/index.html.markdown
netlify - to github,/docs/providers/netlify/r/netlify_build_hook.html,https://github.com/hashicorp/terraform-provider-netlify/blob/stable-website/website/docs/r/netlify_build_hook.html.markdown
netlify - to github,/docs/providers/netlify/r/netlify_deploy_key.html,https://github.com/hashicorp/terraform-provider-netlify/blob/stable-website/website/docs/r/netlify_deploy_key.html.markdown
netlify - to github,/docs/providers/netlify/r/netlify_hook.html,https://github.com/hashicorp/terraform-provider-netlify/blob/stable-website/website/docs/r/netlify_hook.html.markdown
netlify - to github,/docs/providers/netlify/r/netlify_site.html,https://github.com/hashicorp/terraform-provider-netlify/blob/stable-website/website/docs/r/netlify_site.html.markdown
oneandone - to github,/docs/providers/oneandone/index.html,https://github.com/hashicorp/terraform-provider-oneandone/blob/stable-website/website/docs/index.html.markdown
oneandone - to github,/docs/providers/oneandone/r/baremetal.html,https://github.com/hashicorp/terraform-provider-oneandone/blob/stable-website/website/docs/r/baremetal.html.markdown
oneandone - to github,/docs/providers/oneandone/r/block_storage.html,https://github.com/hashicorp/terraform-provider-oneandone/blob/stable-website/website/docs/r/block_storage.html.markdown
oneandone - to github,/docs/providers/oneandone/r/firewall_policy.html,https://github.com/hashicorp/terraform-provider-oneandone/blob/stable-website/website/docs/r/firewall_policy.html.markdown
oneandone - to github,/docs/providers/oneandone/r/image.html,https://github.com/hashicorp/terraform-provider-oneandone/blob/stable-website/website/docs/r/image.html.markdown
oneandone - to github,/docs/providers/oneandone/r/instance_size.html,https://github.com/hashicorp/terraform-provider-oneandone/blob/stable-website/website/docs/r/instance_size.html.markdown
oneandone - to github,/docs/providers/oneandone/r/loadbalancer.html,https://github.com/hashicorp/terraform-provider-oneandone/blob/stable-website/website/docs/r/loadbalancer.html.markdown
oneandone - to github,/docs/providers/oneandone/r/monitoring_policy.html,https://github.com/hashicorp/terraform-provider-oneandone/blob/stable-website/website/docs/r/monitoring_policy.html.markdown
oneandone - to github,/docs/providers/oneandone/r/private_network.html,https://github.com/hashicorp/terraform-provider-oneandone/blob/stable-website/website/docs/r/private_network.html.markdown
oneandone - to github,/docs/providers/oneandone/r/public_ip.html,https://github.com/hashicorp/terraform-provider-oneandone/blob/stable-website/website/docs/r/public_ip.html.markdown
oneandone - to github,/docs/providers/oneandone/r/server.html,https://github.com/hashicorp/terraform-provider-oneandone/blob/stable-website/website/docs/r/server.html.markdown
oneandone - to github,/docs/providers/oneandone/r/shared_storage.html,https://github.com/hashicorp/terraform-provider-oneandone/blob/stable-website/website/docs/r/shared_storage.html.markdown
oneandone - to github,/docs/providers/oneandone/r/ssh_key.html,https://github.com/hashicorp/terraform-provider-oneandone/blob/stable-website/website/docs/r/ssh_key.html.markdown
oneandone - to github,/docs/providers/oneandone/r/vpn.html,https://github.com/hashicorp/terraform-provider-oneandone/blob/stable-website/website/docs/r/vpn.html.markdown
rightscale - to github,/docs/providers/rightscale/index.html,https://github.com/hashicorp/terraform-provider-rightscale/blob/stable-website/website/docs/index.html.markdown
rightscale - to github,/docs/providers/rightscale/r/cm_security_group.html,https://github.com/hashicorp/terraform-provider-rightscale/blob/stable-website/website/docs/r/cm_security_group.markdown
rightscale - to github,/docs/providers/rightscale/r/cm_route_table.html,https://github.com/hashicorp/terraform-provider-rightscale/blob/stable-website/website/docs/r/cm_route_table.markdown
rightscale - to github,/docs/providers/rightscale/r/cm_security_group_rule.html,https://github.com/hashicorp/terraform-provider-rightscale/blob/stable-website/website/docs/r/cm_security_group_rule.markdown
rightscale - to github,/docs/providers/rightscale/r/cm_network_gateway.html,https://github.com/hashicorp/terraform-provider-rightscale/blob/stable-website/website/docs/r/cm_network_gateway.markdown
rightscale - to github,/docs/providers/rightscale/r/cm_server_array.html,https://github.com/hashicorp/terraform-provider-rightscale/blob/stable-website/website/docs/r/cm_server_array.markdown
rightscale - to github,/docs/providers/rightscale/r/cm_credential.html,https://github.com/hashicorp/terraform-provider-rightscale/blob/stable-website/website/docs/r/cm_credential.markdown
rightscale - to github,/docs/providers/rightscale/r/cm_instance.html,https://github.com/hashicorp/terraform-provider-rightscale/blob/stable-website/website/docs/r/cm_instance.markdown
rightscale - to github,/docs/providers/rightscale/r/cm_route.html,https://github.com/hashicorp/terraform-provider-rightscale/blob/stable-website/website/docs/r/cm_route.markdown
rightscale - to github,/docs/providers/rightscale/r/cm_ssh_key.html,https://github.com/hashicorp/terraform-provider-rightscale/blob/stable-website/website/docs/r/cm_ssh_key.markdown
rightscale - to github,/docs/providers/rightscale/r/cm_server.html,https://github.com/hashicorp/terraform-provider-rightscale/blob/stable-website/website/docs/r/cm_server.markdown
rightscale - to github,/docs/providers/rightscale/r/cm_subnet.html,https://github.com/hashicorp/terraform-provider-rightscale/blob/stable-website/website/docs/r/cm_subnet.markdown
rightscale - to github,/docs/providers/rightscale/r/cwf_process.html,https://github.com/hashicorp/terraform-provider-rightscale/blob/stable-website/website/docs/r/cwf_process.markdown
rightscale - to github,/docs/providers/rightscale/r/cm_network.html,https://github.com/hashicorp/terraform-provider-rightscale/blob/stable-website/website/docs/r/cm_network.markdown
rightscale - to github,/docs/providers/rightscale/r/cm_deployment.html,https://github.com/hashicorp/terraform-provider-rightscale/blob/stable-website/website/docs/r/cm_deployment.markdown
rightscale - to github,/docs/providers/rightscale/d/cm_security_group.html,https://github.com/hashicorp/terraform-provider-rightscale/blob/stable-website/website/docs/d/cm_security_group.markdown
rightscale - to github,/docs/providers/rightscale/d/cm_volume_type.html,https://github.com/hashicorp/terraform-provider-rightscale/blob/stable-website/website/docs/d/cm_volume_type.markdown
rightscale - to github,/docs/providers/rightscale/d/cm_volume.html,https://github.com/hashicorp/terraform-provider-rightscale/blob/stable-website/website/docs/d/cm_volume.markdown
rightscale - to github,/docs/providers/rightscale/d/cm_route_table.html,https://github.com/hashicorp/terraform-provider-rightscale/blob/stable-website/website/docs/d/cm_route_table.markdown
rightscale - to github,/docs/providers/rightscale/d/cm_datacenter.html,https://github.com/hashicorp/terraform-provider-rightscale/blob/stable-website/website/docs/d/cm_datacenter.markdown
rightscale - to github,/docs/providers/rightscale/d/cm_server_template.html,https://github.com/hashicorp/terraform-provider-rightscale/blob/stable-website/website/docs/d/cm_server_template.markdown
rightscale - to github,/docs/providers/rightscale/d/cm_multi_cloud_image.html,https://github.com/hashicorp/terraform-provider-rightscale/blob/stable-website/website/docs/d/cm_multi_cloud_image.markdown
rightscale - to github,/docs/providers/rightscale/d/cm_network_gateway.html,https://github.com/hashicorp/terraform-provider-rightscale/blob/stable-website/website/docs/d/cm_network_gateway.markdown
rightscale - to github,/docs/providers/rightscale/d/cm_instance_type.html,https://github.com/hashicorp/terraform-provider-rightscale/blob/stable-website/website/docs/d/cm_instance_type.markdown
rightscale - to github,/docs/providers/rightscale/d/cm_credential.html,https://github.com/hashicorp/terraform-provider-rightscale/blob/stable-website/website/docs/d/cm_credential.markdown
rightscale - to github,/docs/providers/rightscale/d/cm_volume_snapshot.html,https://github.com/hashicorp/terraform-provider-rightscale/blob/stable-website/website/docs/d/cm_volume_snapshot.markdown
rightscale - to github,/docs/providers/rightscale/d/cm_cloud.html,https://github.com/hashicorp/terraform-provider-rightscale/blob/stable-website/website/docs/d/cm_cloud.markdown
rightscale - to github,/docs/providers/rightscale/d/cm_instance.html,https://github.com/hashicorp/terraform-provider-rightscale/blob/stable-website/website/docs/d/cm_instance.markdown
rightscale - to github,/docs/providers/rightscale/d/cm_ssh_key.html,https://github.com/hashicorp/terraform-provider-rightscale/blob/stable-website/website/docs/d/cm_ssh_key.markdown
rightscale - to github,/docs/providers/rightscale/d/cm_server.html,https://github.com/hashicorp/terraform-provider-rightscale/blob/stable-website/website/docs/d/cm_server.markdown
rightscale - to github,/docs/providers/rightscale/d/cm_subnet.html,https://github.com/hashicorp/terraform-provider-rightscale/blob/stable-website/website/docs/d/cm_subnet.markdown
rightscale - to github,/docs/providers/rightscale/d/cm_network.html,https://github.com/hashicorp/terraform-provider-rightscale/blob/stable-website/website/docs/d/cm_network.markdown
rightscale - to github,/docs/providers/rightscale/d/cm_deployment.html,https://github.com/hashicorp/terraform-provider-rightscale/blob/stable-website/website/docs/d/cm_deployment.markdown
rightscale - to github,/docs/providers/rightscale/d/cm_image.html,https://github.com/hashicorp/terraform-provider-rightscale/blob/stable-website/website/docs/d/cm_image.markdown
runscope - to github,/docs/providers/runscope/d/bucket.html,https://github.com/hashicorp/terraform-provider-runscope/blob/stable-website/website/docs/d/bucket.html.markdown
runscope - to github,/docs/providers/runscope/d/buckets.html,https://github.com/hashicorp/terraform-provider-runscope/blob/stable-website/website/docs/d/buckets.html.markdown
runscope - to github,/docs/providers/runscope/d/integration.html,https://github.com/hashicorp/terraform-provider-runscope/blob/stable-website/website/docs/d/integration.html.markdown
runscope - to github,/docs/providers/runscope/d/integrations.html,https://github.com/hashicorp/terraform-provider-runscope/blob/stable-website/website/docs/d/integrations.html.markdown
runscope - to github,/docs/providers/runscope/index.html,https://github.com/hashicorp/terraform-provider-runscope/blob/stable-website/website/docs/index.html.markdown
runscope - to github,/docs/providers/runscope/r/bucket.html,https://github.com/hashicorp/terraform-provider-runscope/blob/stable-website/website/docs/r/bucket.html.markdown
runscope - to github,/docs/providers/runscope/r/environment.html,https://github.com/hashicorp/terraform-provider-runscope/blob/stable-website/website/docs/r/environment.html.markdown
runscope - to github,/docs/providers/runscope/r/schedule.html,https://github.com/hashicorp/terraform-provider-runscope/blob/stable-website/website/docs/r/schedule.html.markdown
runscope - to github,/docs/providers/runscope/r/step.html,https://github.com/hashicorp/terraform-provider-runscope/blob/stable-website/website/docs/r/step.html.markdown
runscope - to github,/docs/providers/runscope/r/test.html,https://github.com/hashicorp/terraform-provider-runscope/blob/stable-website/website/docs/r/test.html.markdown
softlayer - to github,/docs/providers/softlayer/index.html,https://github.com/hashicorp/terraform-provider-softlayer/blob/stable-website/website/docs/index.html.markdown
softlayer - to github,/docs/providers/softlayer/r/ssh_key.html,https://github.com/hashicorp/terraform-provider-softlayer/blob/stable-website/website/docs/r/ssh_key.html.markdown
softlayer - to github,/docs/providers/softlayer/r/virtual_guest.html,https://github.com/hashicorp/terraform-provider-softlayer/blob/stable-website/website/docs/r/virtual_guest.html.markdown
telefonicaopencloud - to github,/docs/providers/telefonicaopencloud/d/dns_zone_v2.html,https://github.com/hashicorp/terraform-provider-telefonicaopencloud/blob/stable-website/website/docs/d/dns_zone_v2.html.markdown
telefonicaopencloud - to github,/docs/providers/telefonicaopencloud/d/networking_network_v2.html,https://github.com/hashicorp/terraform-provider-telefonicaopencloud/blob/stable-website/website/docs/d/networking_network_v2.html.markdown
telefonicaopencloud - to github,/docs/providers/telefonicaopencloud/d/networking_secgroup_v2.html,https://github.com/hashicorp/terraform-provider-telefonicaopencloud/blob/stable-website/website/docs/d/networking_secgroup_v2.html.markdown
telefonicaopencloud - to github,/docs/providers/telefonicaopencloud/d/networking_subnet_v2.html,https://github.com/hashicorp/terraform-provider-telefonicaopencloud/blob/stable-website/website/docs/d/networking_subnet_v2.html.markdown
telefonicaopencloud - to github,/docs/providers/telefonicaopencloud/d/s3_bucket_object.html,https://github.com/hashicorp/terraform-provider-telefonicaopencloud/blob/stable-website/website/docs/d/s3_bucket_object.html.markdown
telefonicaopencloud - to github,/docs/providers/telefonicaopencloud/index.html,https://github.com/hashicorp/terraform-provider-telefonicaopencloud/blob/stable-website/website/docs/index.html.markdown
telefonicaopencloud - to github,/docs/providers/telefonicaopencloud/r/as_configuration_v1.html,https://github.com/hashicorp/terraform-provider-telefonicaopencloud/blob/stable-website/website/docs/r/as_configuration_v1.html.markdown
telefonicaopencloud - to github,/docs/providers/telefonicaopencloud/r/as_group_v1.html,https://github.com/hashicorp/terraform-provider-telefonicaopencloud/blob/stable-website/website/docs/r/as_group_v1.html.markdown
telefonicaopencloud - to github,/docs/providers/telefonicaopencloud/r/as_policy_v1.html,https://github.com/hashicorp/terraform-provider-telefonicaopencloud/blob/stable-website/website/docs/r/as_policy_v1.html.markdown
telefonicaopencloud - to github,/docs/providers/telefonicaopencloud/r/blockstorage_volume_v2.html,https://github.com/hashicorp/terraform-provider-telefonicaopencloud/blob/stable-website/website/docs/r/blockstorage_volume_v2.html.markdown
telefonicaopencloud - to github,/docs/providers/telefonicaopencloud/r/ces_alarm_rule.html,https://github.com/hashicorp/terraform-provider-telefonicaopencloud/blob/stable-website/website/docs/r/ces_alarm_rule.html.markdown
telefonicaopencloud - to github,/docs/providers/telefonicaopencloud/r/compute_floatingip_associate_v2.html,https://github.com/hashicorp/terraform-provider-telefonicaopencloud/blob/stable-website/website/docs/r/compute_floatingip_associate_v2.html.markdown
telefonicaopencloud - to github,/docs/providers/telefonicaopencloud/r/compute_floatingip_v2.html,https://github.com/hashicorp/terraform-provider-telefonicaopencloud/blob/stable-website/website/docs/r/compute_floatingip_v2.html.markdown
telefonicaopencloud - to github,/docs/providers/telefonicaopencloud/r/compute_instance_v2.html,https://github.com/hashicorp/terraform-provider-telefonicaopencloud/blob/stable-website/website/docs/r/compute_instance_v2.html.markdown
telefonicaopencloud - to github,/docs/providers/telefonicaopencloud/r/compute_keypair_v2.html,https://github.com/hashicorp/terraform-provider-telefonicaopencloud/blob/stable-website/website/docs/r/compute_keypair_v2.html.markdown
telefonicaopencloud - to github,/docs/providers/telefonicaopencloud/r/compute_secgroup_v2.html,https://github.com/hashicorp/terraform-provider-telefonicaopencloud/blob/stable-website/website/docs/r/compute_secgroup_v2.html.markdown
telefonicaopencloud - to github,/docs/providers/telefonicaopencloud/r/compute_servergroup_v2.html,https://github.com/hashicorp/terraform-provider-telefonicaopencloud/blob/stable-website/website/docs/r/compute_servergroup_v2.html.markdown
telefonicaopencloud - to github,/docs/providers/telefonicaopencloud/r/compute_volume_attach_v2.html,https://github.com/hashicorp/terraform-provider-telefonicaopencloud/blob/stable-website/website/docs/r/compute_volume_attach_v2.html.markdown
telefonicaopencloud - to github,/docs/providers/telefonicaopencloud/r/dns_recordset_v2.html,https://github.com/hashicorp/terraform-provider-telefonicaopencloud/blob/stable-website/website/docs/r/dns_recordset_v2.html.markdown
telefonicaopencloud - to github,/docs/providers/telefonicaopencloud/r/dns_zone_v2.html,https://github.com/hashicorp/terraform-provider-telefonicaopencloud/blob/stable-website/website/docs/r/dns_zone_v2.html.markdown
telefonicaopencloud - to github,/docs/providers/telefonicaopencloud/r/elb_backendecs.html,https://github.com/hashicorp/terraform-provider-telefonicaopencloud/blob/stable-website/website/docs/r/elb_backendecs.html.markdown
telefonicaopencloud - to github,/docs/providers/telefonicaopencloud/r/elb_healthcheck.html,https://github.com/hashicorp/terraform-provider-telefonicaopencloud/blob/stable-website/website/docs/r/elb_healthcheck.html.markdown
telefonicaopencloud - to github,/docs/providers/telefonicaopencloud/r/elb_listener.html,https://github.com/hashicorp/terraform-provider-telefonicaopencloud/blob/stable-website/website/docs/r/elb_listener.html.markdown
telefonicaopencloud - to github,/docs/providers/telefonicaopencloud/r/elb_loadbalancer.html,https://github.com/hashicorp/terraform-provider-telefonicaopencloud/blob/stable-website/website/docs/r/elb_loadbalancer.html.markdown
telefonicaopencloud - to github,/docs/providers/telefonicaopencloud/r/networking_floatingip_v2.html,https://github.com/hashicorp/terraform-provider-telefonicaopencloud/blob/stable-website/website/docs/r/networking_floatingip_v2.html.markdown
telefonicaopencloud - to github,/docs/providers/telefonicaopencloud/r/networking_network_v2.html,https://github.com/hashicorp/terraform-provider-telefonicaopencloud/blob/stable-website/website/docs/r/networking_network_v2.html.markdown
telefonicaopencloud - to github,/docs/providers/telefonicaopencloud/r/networking_port_v2.html,https://github.com/hashicorp/terraform-provider-telefonicaopencloud/blob/stable-website/website/docs/r/networking_port_v2.html.markdown
telefonicaopencloud - to github,/docs/providers/telefonicaopencloud/r/networking_router_interface_v2.html,https://github.com/hashicorp/terraform-provider-telefonicaopencloud/blob/stable-website/website/docs/r/networking_router_interface_v2.html.markdown
telefonicaopencloud - to github,/docs/providers/telefonicaopencloud/r/networking_router_route_v2.html,https://github.com/hashicorp/terraform-provider-telefonicaopencloud/blob/stable-website/website/docs/r/networking_router_route_v2.html.markdown
telefonicaopencloud - to github,/docs/providers/telefonicaopencloud/r/networking_router_v2.html,https://github.com/hashicorp/terraform-provider-telefonicaopencloud/blob/stable-website/website/docs/r/networking_router_v2.html.markdown
telefonicaopencloud - to github,/docs/providers/telefonicaopencloud/r/networking_secgroup_rule_v2.html,https://github.com/hashicorp/terraform-provider-telefonicaopencloud/blob/stable-website/website/docs/r/networking_secgroup_rule_v2.html.markdown
telefonicaopencloud - to github,/docs/providers/telefonicaopencloud/r/networking_secgroup_v2.html,https://github.com/hashicorp/terraform-provider-telefonicaopencloud/blob/stable-website/website/docs/r/networking_secgroup_v2.html.markdown
telefonicaopencloud - to github,/docs/providers/telefonicaopencloud/r/networking_subnet_v2.html,https://github.com/hashicorp/terraform-provider-telefonicaopencloud/blob/stable-website/website/docs/r/networking_subnet_v2.html.markdown
telefonicaopencloud - to github,/docs/providers/telefonicaopencloud/r/s3_bucket_object.html,https://github.com/hashicorp/terraform-provider-telefonicaopencloud/blob/stable-website/website/docs/r/s3_bucket_object.html.markdown
telefonicaopencloud - to github,/docs/providers/telefonicaopencloud/r/s3_bucket_policy.html,https://github.com/hashicorp/terraform-provider-telefonicaopencloud/blob/stable-website/website/docs/r/s3_bucket_policy.html.markdown
telefonicaopencloud - to github,/docs/providers/telefonicaopencloud/r/s3_bucket.html,https://github.com/hashicorp/terraform-provider-telefonicaopencloud/blob/stable-website/website/docs/r/s3_bucket.html.markdown
telefonicaopencloud - to github,/docs/providers/telefonicaopencloud/r/smn_subscription_v2.html,https://github.com/hashicorp/terraform-provider-telefonicaopencloud/blob/stable-website/website/docs/r/smn_subscription_v2.html.markdown
telefonicaopencloud - to github,/docs/providers/telefonicaopencloud/r/smn_topic_v2.html,https://github.com/hashicorp/terraform-provider-telefonicaopencloud/blob/stable-website/website/docs/r/smn_topic_v2.html.markdown
telefonicaopencloud - to github,/docs/providers/telefonicaopencloud/r/vpc_eip_v1.html,https://github.com/hashicorp/terraform-provider-telefonicaopencloud/blob/stable-website/website/docs/r/vpc_eip_v1.html.markdown
ultradns - to github,/docs/providers/ultradns/index.html,https://github.com/hashicorp/terraform-provider-ultradns/blob/stable-website/website/docs/index.html.markdown
ultradns - to github,/docs/providers/ultradns/r/dirpool.html,https://github.com/hashicorp/terraform-provider-ultradns/blob/stable-website/website/docs/r/dirpool.html.markdown
ultradns - to github,/docs/providers/ultradns/r/probe_http.html,https://github.com/hashicorp/terraform-provider-ultradns/blob/stable-website/website/docs/r/probe_http.html.markdown
ultradns - to github,/docs/providers/ultradns/r/probe_ping.html,https://github.com/hashicorp/terraform-provider-ultradns/blob/stable-website/website/docs/r/probe_ping.html.markdown
ultradns - to github,/docs/providers/ultradns/r/rdpool.html,https://github.com/hashicorp/terraform-provider-ultradns/blob/stable-website/website/docs/r/rdpool.html.markdown
ultradns - to github,/docs/providers/ultradns/r/record.html,https://github.com/hashicorp/terraform-provider-ultradns/blob/stable-website/website/docs/r/record.html.markdown
ultradns - to github,/docs/providers/ultradns/r/tcpool.html,https://github.com/hashicorp/terraform-provider-ultradns/blob/stable-website/website/docs/r/tcpool.html.markdown
ignition - to github,/docs/providers/ignition/d/config.html,https://github.com/hashicorp/terraform-provider-ignition/blob/stable-website/website/docs/d/config.html.md
ignition - to github,/docs/providers/ignition/d/directory.html,https://github.com/hashicorp/terraform-provider-ignition/blob/stable-website/website/docs/d/directory.html.md
ignition - to github,/docs/providers/ignition/d/disk.html,https://github.com/hashicorp/terraform-provider-ignition/blob/stable-website/website/docs/d/disk.html.md
ignition - to github,/docs/providers/ignition/d/file.html,https://github.com/hashicorp/terraform-provider-ignition/blob/stable-website/website/docs/d/file.html.md
ignition - to github,/docs/providers/ignition/d/filesystem.html,https://github.com/hashicorp/terraform-provider-ignition/blob/stable-website/website/docs/d/filesystem.html.md
ignition - to github,/docs/providers/ignition/d/group.html,https://github.com/hashicorp/terraform-provider-ignition/blob/stable-website/website/docs/d/group.html.md
ignition - to github,/docs/providers/ignition/d/link.html,https://github.com/hashicorp/terraform-provider-ignition/blob/stable-website/website/docs/d/link.html.md
ignition - to github,/docs/providers/ignition/d/networkd_unit.html,https://github.com/hashicorp/terraform-provider-ignition/blob/stable-website/website/docs/d/networkd_unit.html.md
ignition - to github,/docs/providers/ignition/d/raid.html,https://github.com/hashicorp/terraform-provider-ignition/blob/stable-website/website/docs/d/raid.html.md
ignition - to github,/docs/providers/ignition/d/systemd_unit.html,https://github.com/hashicorp/terraform-provider-ignition/blob/stable-website/website/docs/d/systemd_unit.html.md
ignition - to github,/docs/providers/ignition/d/user.html,https://github.com/hashicorp/terraform-provider-ignition/blob/stable-website/website/docs/d/user.html.md
ignition - to github,/docs/providers/ignition/index.html,https://github.com/hashicorp/terraform-provider-ignition/blob/stable-website/website/docs/index.html.markdown
influxdb - to github,/docs/providers/influxdb/index.html,https://github.com/hashicorp/terraform-provider-influxdb/blob/stable-website/website/docs/index.html.markdown
influxdb - to github,/docs/providers/influxdb/r/continuous_query.html,https://github.com/hashicorp/terraform-provider-influxdb/blob/stable-website/website/docs/r/continuous_query.html.md
influxdb - to github,/docs/providers/influxdb/r/database.html,https://github.com/hashicorp/terraform-provider-influxdb/blob/stable-website/website/docs/r/database.html.md
influxdb - to github,/docs/providers/influxdb/r/user.html,https://github.com/hashicorp/terraform-provider-influxdb/blob/stable-website/website/docs/r/user.html.md
metalcloud - to github,/docs/providers/metalcloud/d/volume_template.html,https://github.com/hashicorp/terraform-provider-metalcloud/blob/stable-website/website/docs/d/volume_template.html.md
metalcloud - to github,/docs/providers/metalcloud/guides/concepts.html,https://github.com/hashicorp/terraform-provider-metalcloud/blob/stable-website/website/docs/guides/concepts.html.md
metalcloud - to github,/docs/providers/metalcloud/guides/getting_started.html,https://github.com/hashicorp/terraform-provider-metalcloud/blob/stable-website/website/docs/guides/getting_started.html.md
metalcloud - to github,/docs/providers/metalcloud/index.html,https://github.com/hashicorp/terraform-provider-metalcloud/blob/stable-website/website/docs/index.html.markdown
metalcloud - to github,/docs/providers/metalcloud/r/drive_array.html,https://github.com/hashicorp/terraform-provider-metalcloud/blob/stable-website/website/docs/r/drive_array.html.md
metalcloud - to github,/docs/providers/metalcloud/r/firewall_rule.html,https://github.com/hashicorp/terraform-provider-metalcloud/blob/stable-website/website/docs/r/firewall_rule.html.md
metalcloud - to github,/docs/providers/metalcloud/r/infrastructure.html,https://github.com/hashicorp/terraform-provider-metalcloud/blob/stable-website/website/docs/r/infrastructure.html.md
metalcloud - to github,/docs/providers/metalcloud/r/instance_array_interface.html,https://github.com/hashicorp/terraform-provider-metalcloud/blob/stable-website/website/docs/r/instance_array_interface.html.md
metalcloud - to github,/docs/providers/metalcloud/r/instance_array.html,https://github.com/hashicorp/terraform-provider-metalcloud/blob/stable-website/website/docs/r/instance_array.html.md
metalcloud - to github,/docs/providers/metalcloud/r/network.html,https://github.com/hashicorp/terraform-provider-metalcloud/blob/stable-website/website/docs/r/network.html.md
pureport - to github,/docs/providers/pureport/d/accounts.html,https://github.com/hashicorp/terraform-provider-pureport/blob/stable-website/website/docs/d/accounts.html.md
pureport - to github,/docs/providers/pureport/d/aws_connection.html,https://github.com/hashicorp/terraform-provider-pureport/blob/stable-website/website/docs/d/aws_connection.html.md
pureport - to github,/docs/providers/pureport/d/azure_connection.html,https://github.com/hashicorp/terraform-provider-pureport/blob/stable-website/website/docs/d/azure_connection.html.md
pureport - to github,/docs/providers/pureport/d/cloud_regions.html,https://github.com/hashicorp/terraform-provider-pureport/blob/stable-website/website/docs/d/cloud_regions.html.md
pureport - to github,/docs/providers/pureport/d/cloud_services.html,https://github.com/hashicorp/terraform-provider-pureport/blob/stable-website/website/docs/d/cloud_services.html.md
pureport - to github,/docs/providers/pureport/d/connections.html,https://github.com/hashicorp/terraform-provider-pureport/blob/stable-website/website/docs/d/connections.html.md
pureport - to github,/docs/providers/pureport/d/google_cloud_connection.html,https://github.com/hashicorp/terraform-provider-pureport/blob/stable-website/website/docs/d/google_cloud_connection.html.md
pureport - to github,/docs/providers/pureport/d/locations.html,https://github.com/hashicorp/terraform-provider-pureport/blob/stable-website/website/docs/d/locations.html.md
pureport - to github,/docs/providers/pureport/d/networks.html,https://github.com/hashicorp/terraform-provider-pureport/blob/stable-website/website/docs/d/networks.html.md
pureport - to github,/docs/providers/pureport/d/site_vpn_connection.html,https://github.com/hashicorp/terraform-provider-pureport/blob/stable-website/website/docs/d/site_vpn_connection.html.md
pureport - to github,/docs/providers/pureport/index.html,https://github.com/hashicorp/terraform-provider-pureport/blob/stable-website/website/docs/index.html.markdown
pureport - to github,/docs/providers/pureport/r/aws_connection.html,https://github.com/hashicorp/terraform-provider-pureport/blob/stable-website/website/docs/r/aws_connection.html.md
pureport - to github,/docs/providers/pureport/r/azure_connection.html,https://github.com/hashicorp/terraform-provider-pureport/blob/stable-website/website/docs/r/azure_connection.html.md
pureport - to github,/docs/providers/pureport/r/google_cloud_connection.html,https://github.com/hashicorp/terraform-provider-pureport/blob/stable-website/website/docs/r/google_cloud_connection.html.md
pureport - to github,/docs/providers/pureport/r/network.html,https://github.com/hashicorp/terraform-provider-pureport/blob/stable-website/website/docs/r/network.html.md
pureport - to github,/docs/providers/pureport/r/site_vpn_connection.html,https://github.com/hashicorp/terraform-provider-pureport/blob/stable-website/website/docs/r/site_vpn_connection.html.md
rancher - to github,/docs/providers/rancher/d/certificate.html,https://github.com/hashicorp/terraform-provider-rancher/blob/stable-website/website/docs/d/certificate.html.markdown
rancher - to github,/docs/providers/rancher/d/environment.html,https://github.com/hashicorp/terraform-provider-rancher/blob/stable-website/website/docs/d/environment.html.markdown
rancher - to github,/docs/providers/rancher/d/setting.html,https://github.com/hashicorp/terraform-provider-rancher/blob/stable-website/website/docs/d/setting.html.markdown
rancher - to github,/docs/providers/rancher/index.html,https://github.com/hashicorp/terraform-provider-rancher/blob/stable-website/website/docs/index.html.markdown
rancher - to github,/docs/providers/rancher/r/certificate.html,https://github.com/hashicorp/terraform-provider-rancher/blob/stable-website/website/docs/r/certificate.html.markdown
rancher - to github,/docs/providers/rancher/r/environment.html,https://github.com/hashicorp/terraform-provider-rancher/blob/stable-website/website/docs/r/environment.html.md
rancher - to github,/docs/providers/rancher/r/host.html,https://github.com/hashicorp/terraform-provider-rancher/blob/stable-website/website/docs/r/host.html.markdown
rancher - to github,/docs/providers/rancher/r/registration_token.html,https://github.com/hashicorp/terraform-provider-rancher/blob/stable-website/website/docs/r/registration_token.html.markdown
rancher - to github,/docs/providers/rancher/r/registry_credential.html,https://github.com/hashicorp/terraform-provider-rancher/blob/stable-website/website/docs/r/registry_credential.html.markdown
rancher - to github,/docs/providers/rancher/r/registry.html,https://github.com/hashicorp/terraform-provider-rancher/blob/stable-website/website/docs/r/registry.html.markdown
rancher - to github,/docs/providers/rancher/r/secret.html,https://github.com/hashicorp/terraform-provider-rancher/blob/stable-website/website/docs/r/secret.html.markdown
rancher - to github,/docs/providers/rancher/r/stack.html,https://github.com/hashicorp/terraform-provider-rancher/blob/stable-website/website/docs/r/stack.html.markdown
rancher - to github,/docs/providers/rancher/r/volume.html,https://github.com/hashicorp/terraform-provider-rancher/blob/stable-website/website/docs/r/volume.html.markdown
azure classic - to azurerm,/docs/providers/azure/index.html,https://registry.terraform.io/providers/hashicorp/azurerm/latest
azure classic - to azurerm,/docs/providers/azure/r/affinity_group.html,https://registry.terraform.io/providers/hashicorp/azurerm/latest
azure classic - to azurerm,/docs/providers/azure/r/data_disk.html,https://registry.terraform.io/providers/hashicorp/azurerm/latest
azure classic - to azurerm,/docs/providers/azure/r/dns_server.html,https://registry.terraform.io/providers/hashicorp/azurerm/latest
azure classic - to azurerm,/docs/providers/azure/r/hosted_service.html,https://registry.terraform.io/providers/hashicorp/azurerm/latest
azure classic - to azurerm,/docs/providers/azure/r/instance.html,https://registry.terraform.io/providers/hashicorp/azurerm/latest
azure classic - to azurerm,/docs/providers/azure/r/local_network_connection.html,https://registry.terraform.io/providers/hashicorp/azurerm/latest
azure classic - to azurerm,/docs/providers/azure/r/security_group_rule.html,https://registry.terraform.io/providers/hashicorp/azurerm/latest
azure classic - to azurerm,/docs/providers/azure/r/security_group.html,https://registry.terraform.io/providers/hashicorp/azurerm/latest
azure classic - to azurerm,/docs/providers/azure/r/sql_database_server_firewall_rule.html,https://registry.terraform.io/providers/hashicorp/azurerm/latest
azure classic - to azurerm,/docs/providers/azure/r/sql_database_server.html,https://registry.terraform.io/providers/hashicorp/azurerm/latest
azure classic - to azurerm,/docs/providers/azure/r/sql_database_service.html,https://registry.terraform.io/providers/hashicorp/azurerm/latest
azure classic - to azurerm,/docs/providers/azure/r/storage_blob.html,https://registry.terraform.io/providers/hashicorp/azurerm/latest
azure classic - to azurerm,/docs/providers/azure/r/storage_container.html,https://registry.terraform.io/providers/hashicorp/azurerm/latest
azure classic - to azurerm,/docs/providers/azure/r/storage_queue.html,https://registry.terraform.io/providers/hashicorp/azurerm/latest
azure classic - to azurerm,/docs/providers/azure/r/storage_service.html,https://registry.terraform.io/providers/hashicorp/azurerm/latest
azure classic - to azurerm,/docs/providers/azure/r/virtual_network.html,https://registry.terraform.io/providers/hashicorp/azurerm/latest